Bus,name
8838,GB0 Z9
7421,BE1 0
8513,DE1 0
8726,FR1 0
7708,FR1 0
8313,FR1 0
8622,NO2 0
8828,DE1 0
8775,SE2 0
8386,FR1 0
8333,FR1 0
7979,FR1 0
8853,FR1 0
8013,GB0 Z2
8807,DE1 0
2296,FR1 0
2298,FR1 0
2299,FR1 0
2300,FR1 0
2301,FR1 0
2303,FR1 0
2305,FR1 0
2309,FR1 0
2310,FR1 0
2312,FR1 0
2313,FR1 0
2314,FR1 0
2318,FR1 0
2319,FR1 0
2323,FR1 0
2325,FR1 0
2326,FR1 0
2327,FR1 0
2329,FR1 0
2330,FR1 0
2342,FR1 0
2343,FR1 0
2387,FR1 0
2389,FR1 0
2390,FR1 0
2391,FR1 0
2396,FR1 0
2398,FR1 0
2399,FR1 0
2401,FR1 0
2402,FR1 0
2403,FR1 0
2409,FR1 0
2410,FR1 0
2411,FR1 0
2417,FR1 0
2419,FR1 0
2421,FR1 0
2422,FR1 0
2423,FR1 0
2424,FR1 0
2425,FR1 0
2430,FR1 0
2432,FR1 0
2469,FR1 0
2476,FR1 0
2502,FR1 0
2504,FR1 0
2505,FR1 0
2506,FR1 0
2507,FR1 0
2508,FR1 0
2509,FR1 0
2510,FR1 0
2511,FR1 0
2513,FR1 0
2514,FR1 0
2515,FR1 0
2517,FR1 0
2519,FR1 0
2520,FR1 0
2521,FR1 0
2522,FR1 0
2524,FR1 0
2525,FR1 0
2529,FR1 0
2530,FR1 0
2531,FR1 0
2533,FR1 0
2534,FR1 0
2535,FR1 0
2536,FR1 0
2537,FR1 0
2538,FR1 0
2540,FR1 0
2541,FR1 0
2543,FR1 0
2544,FR1 0
2545,FR1 0
2547,FR1 0
2549,FR1 0
2550,FR1 0
2551,FR1 0
2552,FR1 0
2553,FR1 0
2554,FR1 0
2556,FR1 0
7141,FR1 0
2558,FR1 0
2559,FR1 0
2561,FR1 0
2563,FR1 0
2564,FR1 0
2565,FR1 0
2566,FR1 0
2567,FR1 0
2568,FR1 0
2571,FR1 0
2572,FR1 0
2573,FR1 0
2574,FR1 0
2576,FR1 0
2577,FR1 0
2578,FR1 0
2579,FR1 0
2580,FR1 0
7208,DE1 0
2692,FR1 0
2693,FR1 0
2694,FR1 0
2696,FR1 0
2697,FR1 0
2698,FR1 0
2700,FR1 0
2702,FR1 0
2704,FR1 0
2706,FR1 0
2707,FR1 0
2708,FR1 0
7207,DE1 0
2711,FR1 0
2764,FR1 0
3371,DE1 0
3372,DE1 0
3373,DE1 0
3374,DE1 0
3375,DE1 0
3378,DE1 0
3379,DE1 0
3381,DE1 0
3391,DE1 0
3394,DE1 0
3396,DE1 0
3540,FR1 0
3517,FR1 0
3521,FR1 0
3524,FR1 0
3525,FR1 0
3529,FR1 0
3530,FR1 0
3536,FR1 0
3537,FR1 0
3539,FR1 0
3542,FR1 0
3544,FR1 0
3546,FR1 0
3550,FR1 0
3552,FR1 0
3553,FR1 0
3555,FR1 0
3556,FR1 0
3558,FR1 0
3560,FR1 0
3561,FR1 0
3562,FR1 0
3563,FR1 0
3564,FR1 0
3566,DE1 0
3571,DE1 0
3572,DE1 0
3573,DE1 0
3577,FR1 0
3578,FR1 0
3580,FR1 0
3582,FR1 0
3585,FR1 0
3598,DE1 0
3600,DE1 0
3602,DE1 0
3627,FR1 0
3630,FR1 0
3638,FR1 0
3645,FR1 0
3652,FR1 0
3653,FR1 0
3655,FR1 0
3657,FR1 0
3658,FR1 0
3660,FR1 0
3662,FR1 0
3664,FR1 0
3665,FR1 0
3668,FR1 0
3670,FR1 0
3672,FR1 0
3678,FR1 0
3680,FR1 0
3683,FR1 0
3684,FR1 0
3685,FR1 0
3686,FR1 0
3687,FR1 0
3689,FR1 0
7808,DE1 0
7807,DE1 0
3741,DE1 0
3743,DE1 0
3745,DE1 0
3747,DE1 0
3748,DE1 0
3749,DE1 0
3750,DE1 0
3751,DE1 0
3752,DE1 0
3754,DE1 0
3755,DE1 0
3778,DE1 0
3779,DE1 0
3792,DE1 0
3793,DE1 0
3794,DE1 0
3796,DE1 0
3798,DE1 0
3799,DE1 0
3803,DE1 0
3806,DE1 0
7460,DE1 0
3931,FR1 0
3933,FR1 0
3938,FR1 0
3942,FR1 0
3944,FR1 0
3945,FR1 0
3946,FR1 0
3947,FR1 0
3951,FR1 0
3953,FR1 0
3954,FR1 0
3960,FR1 0
3966,FR1 0
3968,FR1 0
3969,FR1 0
3971,FR1 0
3974,FR1 0
3976,FR1 0
3978,FR1 0
3979,FR1 0
3983,FR1 0
3984,FR1 0
3987,FR1 0
3988,FR1 0
3992,FR1 0
3993,FR1 0
3994,FR1 0
3995,FR1 0
3996,FR1 0
3999,FR1 0
4001,FR1 0
4002,FR1 0
4005,FR1 0
4007,FR1 0
4008,FR1 0
4011,FR1 0
4013,FR1 0
4015,FR1 0
4017,FR1 0
4019,FR1 0
4020,FR1 0
4023,FR1 0
4026,FR1 0
4027,FR1 0
4029,FR1 0
4030,FR1 0
4034,FR1 0
4036,FR1 0
4040,FR1 0
4042,FR1 0
4043,FR1 0
4045,FR1 0
4046,FR1 0
4047,FR1 0
4049,FR1 0
4051,FR1 0
4055,FR1 0
4060,FR1 0
4061,FR1 0
4063,FR1 0
4064,FR1 0
4065,FR1 0
4066,FR1 0
4068,FR1 0
4069,FR1 0
4073,FR1 0
4075,FR1 0
4076,FR1 0
4077,FR1 0
4079,FR1 0
4080,FR1 0
4081,FR1 0
4086,FR1 0
4087,FR1 0
4089,FR1 0
4091,FR1 0
4094,FR1 0
4097,FR1 0
4099,FR1 0
4100,FR1 0
4102,FR1 0
4103,FR1 0
4108,FR1 0
4109,FR1 0
4110,FR1 0
4112,FR1 0
4113,FR1 0
4116,FR1 0
4117,FR1 0
4120,FR1 0
4121,FR1 0
4122,FR1 0
4123,FR1 0
4125,FR1 0
4126,FR1 0
4128,FR1 0
4129,FR1 0
4131,FR1 0
4133,FR1 0
4134,FR1 0
4135,FR1 0
4136,FR1 0
4137,FR1 0
4138,FR1 0
4139,FR1 0
4142,FR1 0
4144,FR1 0
4145,FR1 0
4146,FR1 0
4147,FR1 0
4150,FR1 0
4151,FR1 0
4152,FR1 0
4153,FR1 0
4155,FR1 0
4156,FR1 0
4157,FR1 0
4159,FR1 0
4161,FR1 0
4162,FR1 0
4166,FR1 0
4167,FR1 0
4168,FR1 0
4170,FR1 0
4172,FR1 0
4174,FR1 0
4175,FR1 0
4176,FR1 0
4178,FR1 0
4180,FR1 0
4181,FR1 0
4182,FR1 0
4184,FR1 0
4185,FR1 0
4186,FR1 0
4188,FR1 0
4189,FR1 0
4190,FR1 0
4192,FR1 0
4194,FR1 0
4196,FR1 0
4197,FR1 0
4198,FR1 0
4199,FR1 0
4201,FR1 0
4202,FR1 0
4205,FR1 0
4206,FR1 0
4208,FR1 0
4210,FR1 0
4213,FR1 0
4215,FR1 0
7859,FR1 0
8649,GB0 Z11
7422,BE1 0
4548,DE1 0
4553,DE1 0
4554,DE1 0
4557,DE1 0
4559,DE1 0
4562,DE1 0
4565,DE1 0
4566,DE1 0
4567,DE1 0
4568,DE1 0
4571,DE1 0
4573,DE1 0
4577,DE1 0
4584,DE1 0
4585,DE1 0
4589,DE1 0
4590,DE1 0
4592,DE1 0
7775,FR1 0
4620,DE1 0
4625,DE1 0
4626,DE1 0
4627,DE1 0
4629,DE1 0
4666,DE1 0
4679,NL1 0
4680,NL1 0
4681,NL1 0
4683,NL1 0
4685,DE1 0
4686,BE1 0
4687,NL1 0
4691,DE1 0
4693,DE1 0
4695,DE1 0
4697,DE1 0
4698,DE1 0
4700,DE1 0
4701,DE1 0
4703,DE1 0
4705,DE1 0
4709,DE1 0
4710,DE1 0
4713,DE1 0
4715,DE1 0
4716,DE1 0
4717,DE1 0
4719,DE1 0
4720,DE1 0
4722,DE1 0
4723,DE1 0
4724,DE1 0
4728,DE1 0
4730,DE1 0
4731,DE1 0
4733,DE1 0
4736,DE1 0
4738,DE1 0
4740,DE1 0
4742,DE1 0
4744,DE1 0
4746,DE1 0
4748,DE1 0
4749,DE1 0
4750,DE1 0
4752,DE1 0
4754,DE1 0
4755,DE1 0
4757,DE1 0
4759,DE1 0
4761,DE1 0
4763,DE1 0
4765,DE1 0
4766,DE1 0
4768,DE1 0
4773,DE1 0
4775,DE1 0
4777,DE1 0
4778,DE1 0
4779,DE1 0
4781,BE1 0
4783,BE1 0
4784,BE1 0
4785,BE1 0
4786,BE1 0
4788,BE1 0
4790,BE1 0
4792,LU1 0
4793,DE1 0
4794,LU1 0
4795,DE1 0
4796,DE1 0
4798,DE1 0
4800,DE1 0
4801,BE1 0
4803,BE1 0
4804,LU1 0
4805,FR1 0
4806,LU1 0
4807,LU1 0
4808,LU1 0
4809,LU1 0
4810,LU1 0
4811,LU1 0
4812,LU1 0
4813,LU1 0
4815,LU1 0
4817,FR1 0
4819,FR1 0
4820,FR1 0
4821,FR1 0
4824,FR1 0
4831,DE1 0
4832,DE1 0
4834,DE1 0
4836,DE1 0
4839,FR1 0
4841,DE1 0
4845,DE1 0
4846,DE1 0
4847,DE1 0
4848,DE1 0
4849,DE1 0
4850,DE1 0
4852,DE1 0
4853,DE1 0
4854,DE1 0
4859,DE1 0
4861,DE1 0
4863,DE1 0
4864,DE1 0
4865,DE1 0
4867,DE1 0
4869,DE1 0
4870,DE1 0
4871,DE1 0
4876,DE1 0
4877,DE1 0
4883,DE1 0
4884,DE1 0
4885,DE1 0
4886,DE1 0
4887,DE1 0
4888,DE1 0
4890,DE1 0
4891,DE1 0
4892,DE1 0
4893,DE1 0
4896,DE1 0
4898,DE1 0
4900,DE1 0
4901,DE1 0
4902,DE1 0
4905,DE1 0
4907,DE1 0
4909,DE1 0
4911,DE1 0
4913,DE1 0
4915,DE1 0
4917,DE1 0
4918,DE1 0
4920,DE1 0
4923,DE1 0
4924,DE1 0
4925,DE1 0
4930,DE1 0
4931,DE1 0
4932,DE1 0
4937,DE1 0
4938,DE1 0
4941,DE1 0
4942,DE1 0
4944,DE1 0
4945,DE1 0
4946,DE1 0
4947,DE1 0
4948,DE1 0
4949,DE1 0
4950,GB0 Z12
4951,GB0 Z12
4952,GB0 Z14
4953,GB0 Z14
4955,GB0 Z12
4956,GB0 Z12
4958,GB0 Z14
4960,GB0 Z14
4961,GB0 Z14
4962,GB0 Z15
4963,GB0 Z14
4964,GB0 Z14
4965,GB0 Z15
4967,GB0 Z15
4968,GB0 Z15
4969,GB0 Z15
4970,GB0 Z15
4971,GB0 Z16
4972,GB0 Z15
4974,GB0 Z15
4975,GB0 Z15
4977,GB0 Z15
4979,GB0 Z15
4983,FR1 0
4985,FR1 0
4988,FR1 0
4989,FR1 0
4991,FR1 0
4992,FR1 0
4993,FR1 0
4996,FR1 0
4997,FR1 0
4999,FR1 0
5001,FR1 0
5003,FR1 0
5004,FR1 0
5006,FR1 0
5007,FR1 0
5009,FR1 0
5014,FR1 0
5015,FR1 0
5016,FR1 0
5017,FR1 0
5019,FR1 0
5020,FR1 0
5021,FR1 0
5024,FR1 0
5026,FR1 0
5027,FR1 0
5028,FR1 0
5030,FR1 0
5033,FR1 0
5034,FR1 0
5035,FR1 0
5036,FR1 0
5040,FR1 0
5042,FR1 0
5045,FR1 0
5046,FR1 0
5049,FR1 0
5050,FR1 0
5052,FR1 0
5054,FR1 0
5055,FR1 0
5056,FR1 0
5058,FR1 0
5061,NL1 0
5062,NL1 0
5069,BE1 0
5070,BE1 0
5071,BE1 0
5073,BE1 0
5075,BE1 0
5081,BE1 0
5082,BE1 0
5084,BE1 0
5085,BE1 0
5086,NL1 0
5087,NL1 0
5088,NL1 0
5089,NL1 0
5090,NL1 0
5091,NL1 0
5092,NL1 0
5128,FR1 0
5093,NL1 0
5094,NL1 0
5095,NL1 0
5097,BE1 0
5098,BE1 0
5099,BE1 0
5100,BE1 0
5102,BE1 0
5105,NL1 0
5106,NL1 0
5107,BE1 0
5108,BE1 0
5111,FR1 0
5112,FR1 0
5113,FR1 0
5114,FR1 0
5115,FR1 0
5117,FR1 0
5119,FR1 0
5120,FR1 0
5122,FR1 0
5124,FR1 0
5126,FR1 0
5127,FR1 0
5130,FR1 0
5132,FR1 0
5134,FR1 0
5137,FR1 0
5139,FR1 0
5140,FR1 0
5141,FR1 0
5143,FR1 0
5144,FR1 0
5147,FR1 0
5151,FR1 0
5153,BE1 0
5160,FR1 0
5162,FR1 0
5164,BE1 0
5165,BE1 0
5166,BE1 0
5168,BE1 0
5169,BE1 0
5170,FR1 0
5171,FR1 0
5174,FR1 0
5176,FR1 0
5179,FR1 0
5182,FR1 0
5183,GB0 Z13
5185,GB0 Z13
5187,GB0 Z13
5188,GB0 Z13
5189,GB0 Z13
5191,GB0 Z13
5192,GB0 Z13
5193,GB0 Z13
5194,GB0 Z17
5195,GB0 Z13
5198,GB0 Z13
5200,GB0 Z13
5202,GB0 Z17
5203,GB0 Z17
5204,GB0 Z17
5206,GB0 Z17
5207,GB0 Z17
5208,GB0 Z17
5209,GB0 Z17
5212,GB0 Z11
5213,GB0 Z11
5214,GB0 Z11
5215,GB0 Z13
5217,GB0 Z11
5218,GB0 Z11
5219,GB0 Z11
5221,GB0 Z11
5222,GB0 Z11
5223,GB0 Z11
5224,GB0 Z13
5225,GB0 Z13
5226,GB0 Z13
5228,GB0 Z13
5229,GB0 Z17
5230,GB0 Z16
5231,GB0 Z16
5233,GB0 Z11
5234,GB0 Z13
5236,GB0 Z12
5238,GB0 Z12
5240,GB0 Z12
5241,GB0 Z14
5242,GB0 Z14
5243,GB0 Z12
5245,GB0 Z14
5247,GB0 Z14
5248,GB0 Z14
5249,GB0 Z13
5250,GB0 Z16
5251,GB0 Z16
5252,GB0 Z16
5253,GB0 Z16
5254,GB0 Z16
5256,GB0 Z14
5257,GB0 Z12
5258,GB0 Z14
5259,GB0 Z14
5261,GB0 Z16
5262,GB0 Z14
5264,GB0 Z14
5265,GB0 Z14
5266,GB0 Z14
5268,GB0 Z14
5269,GB0 Z14
5270,GB0 Z14
5272,GB0 Z14
5273,GB0 Z16
5274,GB0 Z17
5277,FR1 0
5278,FR1 0
5279,FR1 0
5280,FR1 0
5281,FR1 0
5282,FR1 0
5284,FR1 0
5285,IE4 0
5286,IE4 0
5287,IE4 0
5288,IE4 0
5289,IE4 0
5290,IE4 0
5293,IE4 0
5294,IE4 0
5295,IE4 0
8397,GB0 Z13
7789,FR1 0
7788,FR1 0
5622,DE1 0
5624,DK2 0
8531,FR1 0
8297,DE1 0
5642,DK2 0
5646,DK2 0
5657,DK2 0
8747,GB0 Z13
5955,GB0 Z7
5671,SE2 0
5672,SE2 0
5673,SE2 0
5679,DE1 0
5685,DE1 0
5687,DE1 0
5689,DE1 0
5691,DE1 0
5693,DE1 0
5695,DE1 0
5696,DE1 0
5699,DE1 0
5701,DE1 0
5703,DE1 0
5704,DE1 0
5706,DE1 0
5709,DE1 0
5711,DE1 0
5722,DE1 0
7399,FR1 0
5749,NL1 0
5751,NL1 0
5753,NL1 0
5754,NL1 0
5755,NL1 0
5756,NL1 0
5758,NL1 0
5759,NL1 0
5760,NL1 0
5762,NL1 0
5763,NL1 0
5765,NL1 0
5767,NL1 0
5780,DE1 0
5783,DE1 0
5784,DE1 0
5786,DE1 0
5787,DE1 0
5789,DE1 0
5792,DE1 0
5793,DE1 0
5796,DE1 0
5803,DK1 0
5805,DK1 0
5815,DK1 0
5822,DK1 0
5957,GB0 Z7
5827,DE1 0
5830,DE1 0
5833,DE1 0
5836,DK1 0
5842,DK1 0
5847,DK1 0
5853,DE1 0
5856,DE1 0
5858,DE1 0
8567,DK1 0
5861,DE1 0
5863,DE1 0
5864,DE1 0
5865,DE1 0
5959,GB0 Z7
5867,DE1 0
5870,DE1 0
5871,DE1 0
5873,DE1 0
5875,DE1 0
5876,DE1 0
5878,DE1 0
5879,DE1 0
5880,DE1 0
5882,DE1 0
5883,DE1 0
5885,DE1 0
5886,DE1 0
5887,DE1 0
5888,GB0 Z12
5889,GB0 Z12
5890,NL1 0
5891,NL1 0
5893,GB0 Z6
5896,GB0 Z5
5898,GB0 Z5
5901,GB0 Z5
5902,GB0 Z5
5904,GB0 Z5
5905,GB0 Z5
5910,GB0 Z5
5912,GB0 Z5
5913,GB0 Z5
5914,GB0 Z6
5917,GB0 Z6
5919,GB0 Z6
5920,GB0 Z6
5922,GB0 Z7
5924,GB0 Z9
5926,GB0 Z9
5927,GB0 Z9
5928,GB0 Z9
5929,GB0 Z9
5934,GB0 Z9
5939,GB0 Z9
5941,GB0 Z9
5942,GB0 Z9
5943,GB0 Z6
5944,GB0 Z7
5946,GB0 Z7
5949,GB0 Z7
5950,GB0 Z7
5951,GB0 Z7
5952,GB0 Z9
5953,GB0 Z7
5954,GB0 Z7
5960,GB0 Z7
5961,GB0 Z7
5962,GB0 Z7
5963,GB0 Z7
5966,GB0 Z7
5967,GB0 Z7
5968,GB0 Z9
5969,GB0 Z9
5971,GB0 Z9
5973,GB0 Z9
5974,GB0 Z9
5976,GB0 Z9
5978,GB0 Z9
5980,GB0 Z9
5981,GB0 Z9
5982,GB0 Z9
5983,GB0 Z9
5984,GB0 Z9
5986,GB0 Z8
5987,GB0 Z8
5988,GB0 Z8
5989,GB0 Z8
5990,GB0 Z8
5992,GB0 Z9
5993,GB0 Z8
5995,GB0 Z8
5996,GB0 Z8
5997,GB0 Z8
5998,GB0 Z8
5999,GB0 Z8
6001,GB0 Z9
6003,GB0 Z11
6004,GB0 Z11
6006,GB0 Z9
6007,GB0 Z8
6009,GB0 Z8
6010,GB0 Z8
6012,GB0 Z11
6013,GB0 Z11
6014,GB0 Z11
6016,GB0 Z11
6018,GB0 Z11
6019,GB0 Z8
6020,GB0 Z8
6021,GB0 Z8
6023,GB0 Z8
6025,GB0 Z8
6026,GB0 Z8
6028,GB0 Z8
6029,GB0 Z8
6030,GB0 Z8
6031,GB0 Z8
6032,GB0 Z8
6033,GB0 Z10
6035,GB0 Z8
6036,GB0 Z8
6037,GB0 Z8
6038,GB0 Z8
6039,GB0 Z8
6040,GB0 Z8
6041,GB0 Z8
6042,GB0 Z8
6043,GB0 Z8
6045,GB0 Z10
6046,GB0 Z10
6047,GB0 Z11
6048,GB0 Z10
6050,GB0 Z11
6051,GB0 Z11
6055,IE4 0
6056,IE4 0
6057,IE4 0
6058,IE4 0
6059,IE4 0
6060,IE4 0
6061,IE4 0
6067,NI1 0
6068,NI1 0
6069,NI1 0
6070,NI1 0
6071,NI1 0
6072,NI1 0
6074,NI1 0
6075,NI1 0
6076,NI1 0
6077,IE4 0
6080,IE4 0
6081,IE4 0
6082,IE4 0
6083,IE4 0
6086,IE4 0
6087,IE4 0
6088,IE4 0
6089,IE4 0
6091,IE4 0
6092,IE4 0
6093,IE4 0
6094,IE4 0
6095,IE4 0
6096,IE4 0
6097,IE4 0
6099,IE4 0
8581,DE1 0
7854,FR1 0
8815,FR1 0
6305,SE2 0
6306,SE2 0
6307,SE2 0
6309,SE2 0
6311,SE2 0
6312,SE2 0
6313,SE2 0
6314,SE2 0
6315,SE2 0
6316,SE2 0
6324,DK2 0
6335,SE2 0
6337,SE2 0
6338,SE2 0
6341,SE2 0
6342,SE2 0
6343,SE2 0
6345,SE2 0
6346,SE2 0
6349,SE2 0
6350,SE2 0
6351,SE2 0
6354,SE2 0
6356,NO2 0
6358,NO2 0
6360,NO2 0
6363,NO2 0
6365,NO2 0
6373,NO2 0
6385,DK1 0
6398,DK1 0
6402,DK1 0
6410,DK1 0
8035,GB0 Z5
6416,DK1 0
6425,DK1 0
6434,DK1 0
6437,GB0 Z1_4
6439,GB0 Z1_4
6440,GB0 Z1_4
6441,GB0 Z1_3
6442,GB0 Z1_3
6443,GB0 Z1_3
6447,GB0 Z2
6448,GB0 Z2
6451,GB0 Z1_4
6453,GB0 Z3
6454,GB0 Z3
6455,GB0 Z5
6457,GB0 Z5
6458,GB0 Z5
6460,GB0 Z2
6462,GB0 Z3
6464,GB0 Z5
6466,GB0 Z5
6467,GB0 Z5
6468,GB0 Z5
6469,GB0 Z5
6471,GB0 Z5
6472,GB0 Z5
6474,GB0 Z5
6475,GB0 Z5
6477,GB0 Z5
6480,GB0 Z5
6482,GB0 Z5
6484,GB0 Z5
6485,GB0 Z2
6486,GB0 Z2
6580,SE2 0
6581,SE2 0
6583,SE2 0
6584,SE2 0
6585,SE2 0
6586,SE2 0
6588,SE2 0
6591,SE2 0
6594,SE2 0
6595,SE2 0
6597,SE2 0
6599,SE2 0
6600,SE2 0
6602,SE2 0
6603,SE2 0
6605,SE2 0
6606,SE2 0
6608,SE2 0
6610,SE2 0
6613,SE2 0
6626,NO2 0
6629,NO2 0
6630,SE2 0
6631,SE2 0
6633,SE2 0
6634,SE2 0
6636,SE2 0
6637,SE2 0
6639,SE2 0
6641,SE2 0
6642,SE2 0
6643,SE2 0
6644,SE2 0
6646,SE2 0
6647,NO2 0
6648,NO2 0
6649,NO2 0
6652,NO2 0
6653,NO2 0
6654,NO2 0
6656,NO2 0
6661,NO2 0
6663,NO2 0
6665,NO2 0
6668,NO2 0
6669,NO2 0
6673,NO2 0
6674,NO2 0
6676,NO2 0
6678,NO2 0
6682,NO2 0
6683,NO2 0
6687,NO2 0
6690,NO2 0
6691,NO2 0
6693,NO2 0
6695,NO2 0
6698,NO2 0
6699,NO2 0
6703,NO2 0
6704,NO2 0
6705,NO2 0
6706,NO2 0
6707,NO2 0
6709,NO2 0
6710,NO2 0
6711,NO2 0
6712,NO2 0
6714,NO2 0
6715,NO2 0
6716,NO2 0
6718,NO2 0
6719,NO2 0
6720,NO2 0
6721,NO2 0
6722,NO2 0
6723,NO2 0
6724,NO2 0
6725,NO2 0
6727,NO2 0
6728,NO2 0
6730,NO2 0
6731,NO2 0
6732,NO2 0
6734,NO2 0
6736,NO2 0
6737,NO2 0
6738,NO2 0
6740,NO2 0
6742,NO2 0
6746,NO2 0
6747,NO2 0
6748,NO2 0
6752,NO2 0
6794,SE2 0
6796,SE2 0
6800,SE2 0
6802,SE2 0
6803,SE2 0
6805,SE2 0
6806,SE2 0
6808,SE2 0
6809,SE2 0
6812,NO2 0
6814,NO2 0
8511,FR1 0
6815,SE2 0
6820,SE2 0
6821,SE2 0
6828,SE2 0
6830,SE2 0
6832,SE2 0
6833,SE2 0
6837,SE2 0
6873,NO2 0
6838,SE2 0
6839,SE2 0
6841,SE2 0
6843,SE2 0
6844,SE2 0
6845,SE2 0
6847,SE2 0
6848,SE2 0
6849,SE2 0
6851,SE2 0
6852,SE2 0
6853,SE2 0
6854,SE2 0
6856,NO2 0
6857,NO2 0
6860,NO2 0
6861,NO2 0
6862,NO2 0
6863,NO2 0
6864,NO2 0
6866,NO2 0
6867,NO2 0
6869,NO2 0
6871,NO2 0
6874,NO2 0
6926,SE2 0
6929,SE2 0
6930,SE2 0
6931,SE2 0
6932,SE2 0
6933,SE2 0
6936,NO2 0
6937,NO2 0
6938,NO2 0
6940,NO2 0
6942,NO2 0
6944,NO2 0
6946,SE2 0
6996,NO2 0
7000,SE2 0
7002,SE2 0
7003,SE2 0
7004,SE2 0
7005,SE2 0
7006,NO2 0
7007,NO2 0
7008,NO2 0
7023,DE1 0
7034,IE4 0
7037,FR1 0
7052,DE1 0
7061,NO2 0
7062,SE2 0
7074,DE1 0
8043,LU1 0
8847,DE1 0
7274,FR1 0
8619,SE2 0
7268,FR1 0
7267,FR1 0
7467,BE1 0
7476,DE1 0
7412,GB0 Z9
8351,DE1 0
8165,IE4 0
7349,FR1 0
7889,DE1 0
7858,FR1 0
8738,FR1 0
7144,FR1 0
7909,GB0 Z10
7633,DE1 0
8473,GB0 Z12
7895,DE1 0
8529,GB0 Z13
8426,SE2 0
7273,FR1 0
8822,FR1 0
7897,DE1 0
8413,FR1 0
8175,DE1 0
8515,GB0 Z13
7143,FR1 0
8225,DE1 0
7347,FR1 0
7462,GB0 Z11
7461,GB0 Z11
8323,SE2 0
8115,DE1 0
8023,GB0 Z9
8710,BE1 0
7783,FR1 0
8692,FR1 0
7718,FR1 0
7361,GB0 Z13
8830,SE2 0
7664,FR1 0
8574,FR1 0
8041,DE1 0
8861,SE2 0
8420,SE2 0
8250,FR1 0
8588,DE1 0
7857,FR1 0
8860,GB0 Z12
8178,FR1 0
8177,FR1 0
7275,FR1 0
7800,NI1 0
8725,DE1 0
8029,GB0 Z8
7464,GB0 Z11
7463,GB0 Z11
7330,DE1 0
8017,GB0 Z7
8116,DE1 0
8189,GB0 Z13
8037,GB0 Z5
7333,DK1 0
8750,SE2 0
8015,GB0 Z2
7635,DE1 0
8707,DE1 0
7914,DE1 0
8745,DE1 0
8605,FR1 0
8448,NO2 0
8829,FR1 0
7269,FR1 0
7787,FR1 0
8344,SE2 0
7631,DE1 0
7630,DE1 0
7319,DE1 0
8271,SE2 0
8599,DE1 0
8616,DE1 0
8756,FR1 0
8284,SE2 0
8310,DE1 0
8309,DE1 0
7689,FR1 0
8168,DE1 0
7152,FR1 0
7272,FR1 0
7946,GB0 Z8
7286,GB0 Z14
7888,DE1 0
7373,DE1 0
7400,FR1 0
7197,NI1 0
8014,GB0 Z14
8290,GB0 Z13
8393,FR1 0
8460,NO2 0
7471,GB0 Z5
7901,DE1 0
8028,DE1 0
8039,DE1 0
8632,BE1 0
7945,GB0 Z13
8042,DE1 0
8497,FR1 0
7782,FR1 0
7149,FR1 0
7661,FR1 0
7318,DE1 0
8181,DE1 0
8717,FR1 0
7856,FR1 0
7812,DE1 0
7328,DE1 0
7903,DE1 0
8752,DE1 0
7855,FR1 0
8033,GB0 Z5
8388,FR1 0
8151,DE1 0
8238,FR1 0
8565,GB0 Z5
8771,FR1 0
7687,FR1 0
8163,FR1 0
7713,DE1 0
8429,FR1 0
8036,GB0 Z5
7978,FR1 0
7947,DE1 0
8697,SE2 0
8246,FR1 0
8596,DE1 0
7146,FR1 0
7454,GB0 Z12
8575,GB0 Z9
8121,DE1 0
7810,DE1 0
7930,FR1 0
7271,FR1 0
7662,FR1 0
7466,GB0 Z11
7465,GB0 Z11
7852,FR1 0
8662,FR1 0
8604,FR1 0
8144,FR1 0
8030,GB0 Z12
8700,FR1 0
7887,NO2 0
7799,SE2 0
8020,GB0 Z3
8769,FR1 0
7672,NI1 0
7332,DK1 0
8790,SE2 0
8643,SE2 0
7264,FR1 0
7953,BE1 0
7474,DE1 0
8459,SE2 0
7665,FR1 0
8245,SE2 0
8427,NI1 0
8394,FR1 0
7374,DE1 0
8291,DE1 0
8141,FR1 0
7263,FR1 0
7929,FR1 0
8414,DE1 0
8480,DE1 0
8806,DE1 0
7976,FR1 0
7862,FR1 0
8548,FR1 0
8489,GB0 Z5
8832,DE1 0
8644,FR1 0
8367,FR1 0
8034,GB0 Z5
8509,FR1 0
7860,FR1 0
8357,DE1 0
7420,DE1 0
8117,DE1 0
8668,SE2 0
8026,GB0 Z9
7969,FR1 0
8142,FR1 0
8685,DE1 0
8653,DE1 0
7363,DE1 0
7362,DE1 0
8712,SE2 0
8777,SE2 0
8101,DE1 0
7455,GB0 Z11
8496,DE1 0
8742,FR1 0
8761,FR1 0
7778,FR1 0
8418,FR1 0
8402,SE2 0
8022,GB0 Z9
8128,DE1 0
8840,SE2 0
7613,DK2 0
7785,FR1 0
8436,FR1 0
8247,FR1 0
8308,FR1 0
8447,FR1 0
7435,FR1 0
7424,DE1 0
7703,DE1 0
7327,DE1 0
8751,SE2 0
8461,FR1 0
8823,FR1 0
8743,FR1 0
7147,FR1 0
8682,SE2 0
8566,FR1 0
8256,SE2 0
7375,DE1 0
8795,FR1 0
8257,SE2 0
7900,DE1 0
7949,DE1 0
7323,BE1 0
7321,DE1 0
7320,DE1 0
8038,DE1 0
8490,DE1 0
7276,IE4 0
7898,DE1 0
8746,SE2 0
8443,DE1 0
7419,DE1 0
8239,SE2 0
8535,SE2 0
8824,FR1 0
8744,GB0 Z5
8102,DE1 0
8706,FR1 0
7315,DE1 0
7457,GB0 Z11
7456,GB0 Z11
8149,BE1 0
8642,FR1 0
8099,DE1 0
8465,FR1 0
8032,GB0 Z5
7907,FR1 0
8540,FR1 0
8139,FR1 0
8541,FR1 0
8025,GB0 Z14
8024,GB0 Z14
8762,FR1 0
7871,DE1 0
8312,DE1 0
8679,FR1 0
8213,FR1 0
8845,SE2 0
7902,DE1 0
7459,DE1 0
8021,GB0 Z8
8781,FR1 0
8578,GB0 Z11
7688,FR1 0
7761,DE1 0
7469,GB0 Z5
7265,FR1 0
7266,FR1 0
8730,FR1 0
8812,SE2 0
8258,SE2 0
8321,FR1 0
8570,SE2 0
7853,FR1 0
8027,GB0 Z9
7444,FR1 0
7329,DE1 0
7952,BE1 0
8016,GB0 Z17
7780,FR1 0
7151,FR1 0
8611,NO2 0
8848,DE1 0
8842,DE1 0
7322,DE1 0
8019,GB0 Z3
7468,DE1 0
7090,FR1 0
7784,FR1 0
8721,FR1 0
7677,DE1 0
7458,GB0 Z13
8283,GB0 Z10
8791,DE1 0
7270,FR1 0
8593,DE1 0
8295,BE1 0
7966,FR1 0
7636,DE1 0
8601,FR1 0
8093,GB0 Z14
7326,DE1 0
8143,FR1 0
8606,SE2 0
8728,DE1 0
8294,FR1 0
8487,FR1 0
8863,DE1 0
8040,DE1 0
8391,DE1 0
7623,DE1 0
8776,FR1 0
7977,FR1 0
8693,SE2 0
8289,FR1 0
8834,DE1 0
7691,IE4 0
8100,DE1 0
7863,FR1 0
8737,DE1 0
8288,FR1 0
7970,FR1 0
8331,DE1 0
7317,DE1 0
7316,DE1 0
8326,FR1 0
7776,FR1 0
7861,FR1 0
8610,DE1 0
8114,FR1 0
7908,GB0 Z11
8613,SE2 0
7372,DE1 0
8804,SE2 0
8164,FR1 0
